Name,Street Dir,Street Num
Abbott Ave,W,210
Aberdeen St,W,1100
Academy Pl,W,812
Achsah Bond Dr,S,1250
Ada St,W,1324
Adams St,S,200
Adams Blvd,S,144
Addison St,N,3600
Administration Dr,S,5620
Agatite Ave,N,4432
Ainslie St,N,4900
Albany Dr,W,3100
Albany Ave,W,3100
Albion Ave,N,6600
Aldine Ave,N,3300
Alexander St,S,2246
Algonquin Ave,W,5600
Allen Ave,W,3500
Allport St,W,1234
Alta Vista Terrace,W,1054
Altgeld St,N,2500
Anchor Dr,W,2728
Ancona St,N,654
Ann Lurie Pl,S,4220
Anson Pl,N,418
Anthon Ave,W,8534
Anthony Ave,E,400
Arcade Pl,S,20
Arch St,W,1316
Ardmore Ave,N,5800
Argyle St,N,5000
Arlington Pl,N,2444
Armitage Ave,N,2000
Armour St,W,1500
Armstrong Ave,N,5660
Artesian Ave,W,2432
Arthington St,S,900
Arthur Ave,N,6500
Asher St,S,12244
Ashland Blvd,W,1600
Ashland Ave,W,1600
Astor St,E,50
Attrill St,N,2200
Augusta Blvd,N,1000
Austin Blvd,W,6000
Austin Ave,W,6000
Avalon Ave,E,1232
Avenue B,E,4032
Avenue C,E,4000
Avenue D,E,3932
Avenue E,E,3900
Avenue F,E,3832
Avenue G Dr,E,3800
Avenue G,E,3800
Avenue H,E,3732
Avenue J,E,3700
Avenue K,E,3624
Avenue L,E,3600
Avenue M,E,3532
Avenue N,E,3500
Avenue O,E,3432
Avers Ave,W,3832
Avondale Ave,W,1800
Baker Ave,E,3014
Balbo Ave,S,700
Balbo Dr,S,700
Baldwin Ave,E,1900
Balmoral Ave,N,5400
Baltimore St,E,28
Banks St,N,1334
Barry Ave,N,3100
Bay Court,W,2708
Beach Ave,N,1422
Beacon St,W,1338
Beaubien Court,E,120
Belden Ave,N,2300
Bell Ave,W,2232
Belle Plaine Ave,N,41
Bellevue Pl,N,1030
Belmont Ave,N,3200
Bennett Ave,E,1900
Bensley Ave,E,2500
Benson St,W,1400
Benton Pl,N,172
Berenice Ave,N,3832
Berkeley Ave,E,1024
Bernard St,W,3434
Berteau Ave,N,4200
Berwyn Ave,N,5300
Besly Court,W,1408
Bessie Coleman Dr,W,10432
Best Dr,S,6000
Beverly Glen Pkwy,S,9934
Bingham St,W,2518
Birchwood Ave,N,7500
Birkhoff Ave,W,648
Bishop St,W,1438
Bissell St,W,832
Bittersweet Pl,N,4100
Blackhawk St,N,1500
Blackstone Ave,E,1436
Blake St,W,2208
Blanchard Court,E,20
Bliss St,N,1100
Bloomingdale Ave,N,1800
Blue Island Ave,W,1068
Bonaparte St,W,1400
Bond Ave,E,3134
Bonfield St,W,1036
Bosak Ave,S,10200
Bosworth Ave,W,1530
Boulevard Way,E,2938
Bowen Ave,S,4134
Bowen Dr,S,5112
Bowler St,S,746
Bowmanville Ave,W,2342
Bradley Pl,N,3732
Brainard Ave,E,2700
Brandon Ave,E,3200
Brayton St,S,12562
Breakwater Access,E,600
Brennan Ave,E,2300
Briar Pl,N,3138
Brighton Pl,W,2700
Broad St,W,1500
Broadway,W,600
Brodman Ave,N,4416
Brompton Ave,N,3535
Bross Ave,S,3200
Browning Ave,S,3548
Bryn Mawr Ave,N,5600
Buckingham Pl,N,3332
Buena Ave,N,4200
Buena Circle,N,4200
Buffalo Ave,E,3300
Burley Ave,E,3234
Burling St,W,728
Burkhardt Dr,S,1354
Burley Ave,E,3234
Burling St,W,728
Burnham Ave,E,2800
Burnham Harbor Dr,E,500
Burnside Ave,E,234
Burton Pl,N,1500
Busse Ave,W,6710
Byron St,N,3900
Cabrini St,N,82
Cahill Terrace,N,3610
Caldwell Ave,W,4500
Calhoun Pl,N,24
Calhoun Ave,E,2526
California Terrace,N,3122
California Blvd,W,2800
California Ave,W,2800
Calumet Ave,E,334
Calumet Pkwy,E,324
Cambridge Ave,W,536
Campbell Pl,N,540
Campbell Ave,W,2500
Campbell Park Dr,S,708
Campus Pkwy,W,828
Canal St,W,500
Canalport Ave,W,500
Canfield Ave,W,7900
Carmen Ave,N,5100
Carondolet Ave,E,3032
Carpenter St,W,1032
Carroll Ave,N,328
Carver Plaza,S,3718
Carver Dr,E,1200
Castleisland Ave,N,4540
Castlewood Terrace,N,4862
Catalpa Ave,N,5500
Catherine Ave,N,5400
Caton St,N,1652
Cedar St,N,1120
Central Ave,W,5600
Central Park Dr,W,3600
Central Park Blvd,W,3600
Central Park Ave,W,3600
Cermak Rd,S,2200
Chalmers Pl,N,2332
Chalmers St,W,900
Champlain Ave,E,634
Chanay St,N,2132
Chappel Ave,E,2032
Charles St,W,1700
Charleston St,N,2100
Chase Ave,N,7300
Chelsea Pl,S,11040
Cheltenham Pl,S,7878
Cherry Ave,W,928
Chester Ave,W,8500
Chestnut St,N,860
Chicago Ave,N,800
Chicago Beach Dr,E,1624
Chicora Ave,W,5700
Childrens Plaza,W,724
China Pl,W,211
Christiana Ave,W,3332
Church St,W,1500
Churchill St,N,1832
Churchill Row,N,1800
Cicero Ave,W,4800
Circle Pkwy,W,810
Cityfront Plaza Dr,E,200
Claremont Ave,W,2332
Clarence Ave,N,6234
Clarendon Ave,W,800
Clark St,W,100
Cleaver St,W,1432
Cleveland Ave,W,500
Clifford Ave,W,5000
Clifton Ave,W,1126
Clinton St,W,540
Clover St,W,4614
Clybourn Ave,W,426
Clyde Ave,E,2100
Coast Guard Dr,E,2030
Coles Ave,E,2500
Colfax Ave,E,2600
College Pkwy,S,1508
Columbia Ave,N,673
Columbus Ave,S,7400
Columbus Dr,E,301
Commercial Ave,E,3000
Commercial Court,E,2948
Commodore Whalen Dr,E,2200
Commons Dr,W,8430
Commonwealth Ave,W,340
Concord Lane,N,1632
Concord Pl,N,1632
Congress Pkwy,S,500
Congress Dr,S,500
Congress Plaza Dr,E,400
Conservatory Dr,W,3600
Constance Ave,E,1832
Corbett St,W,958
Corcoran Pl,N,400
Corliss Ave,E,800
Cornelia Ave,N,3500
Cornell Ave,E,1600
Cornell Dr,E,1632
Cortez St,N,1032
Cortez Dr,N,3200
Cortland St,N,1900
Cottage Grove Ave,E,200
Cottage Pl,S,224
Couch Pl,N,170
Coulter Street,W,2000
Court Pl,N,125
Coyle Ave,N,6932
Crandon Ave,E,2300
Cregier Ave,E,1800
Crest Line St,S,8144
Crilly Court,W,224
Crilly Dr,E,3900
Crosby St,W,600
Crowell St,W,1200
Crystal St,N,1232
Cullerton St,S,2000
Cullom Ave,N,4300
Cumberland Ave,W,8400
Cuyler Ave,N,4032
Cyril Ave,E,1964
Dakin St,N,3932
Damen Ave,W,2000
Daniel Dr,E,300
Dante Ave,E,1432
Dauphin Ave,E,888
Davlin Court,W,3946
Davol St,W,1620
Dawson Ave,W,3432
Dayton St,W,832
De Sable St,S,3756
Dean St,W,1700
Dearborn St,W,36
Dearborn Pkwy,W,36
Dekoven St,S,1100
Delano Court,W,150
Delaware Pl,N,900
Delphia Ave,W,8600
Deming Pl,N,2534
Denvir Ave,W,2526
Desplaines St,W,630
Desplaines Rd,W,9400
Devon Ave,N,6400
Dewitt Pl,E,238
Dickens Dr,N,2100
Dickens Ave,N,2100
Dickens Blvd,N,2100
Diversey Dr,N,2800
Diversey Pkwy,N,2800
Diversey Ave,N,2800
Diversey School Court,N,2756
Division St,N,1200
Dobson Ave,E,1032
Dominick St,W,1430
Dorchester Ave,E,1400
Doty Ave West,E,1200
Doty Ave East,E,1750
Douglas Blvd,S,1400
Douglas Dr,S,1400
Dover St,W,1400
Dowagiac Ave,W,5400
Drake Ave,W,3532
Draper St,N,2540
Drew St,W,1700
Drexel Blvd,E,900
Drexel Ave,E,900
Drexel Square Dr,S,5130
Drummond Pl,N,2632
Dunbar Ave,E,246
Early Ave,N,5700
East Circle Ave,W,7034
East End Ave,E,1700
East River Rd,W,8800
East View Park,E,1728
Eastgate Pl,S,2520
Eastlake Terrace,W,1320
Eastman St,N,1440
Eastwood Ave,N,4632
Eberhart Ave,E,500
Edbrooke Ave,E,134
Eddy St,N,3532
Edens Pkwy,W,4812
Edgebrook Terrace,W,5924
Edgewater Ave,N,5732
Edmaire St,S,11300
Edmunds St,N,5000
Edward Court,W,749
Eggleston Ave,W,432
Elaine Pl,W,700
Elbridge Ave,W,3600
Eleanor St,W,1200
Elias Court,W,1200
Elizabeth St,W,1232
Elk Grove Ave,N,1400
Ellen St,N,1282
Elliott Ave,E,1836
Ellis Ave,E,600
Ellsworth Dr,E,400
Elm St,N,1142
Elmdale Ave,N,6000
Elsdon Ave,W,3610
Elston Ave,W,1132
Emerald Ave,W,732
Emerald Dr,W,724
Emmett St,W,3200
Englewood Ave,S,6232
Erie St,N,658
Ernst Court,E,100
Escanaba Ave,E,2900
Essex Ave,E,2500
Estes Ave,N,7100
Euclid Ave,E,1932
Euclid Pkwy,E,1908
Eugenie St,N,1700
Evans Court,N,740
Evans Ave,E,732
Everell Ave,N,6128
Everett Ave,E,1738
Everett Dr,E,1738
Evergreen Ave,N,1332
Ewing Ave,E,3338
Exchange Ave,S,4160
Fair Pl,N,1324
Fairbanks Court,E,300
Fairfield Ave,W,2732
Fairhope Ave,N,6840
Fairview Ave,W,8300
Fargo Ave,N,7432
Farragut Ave,N,5232
Farrar Dr,W,3000
Farrell St,W,1200
Farwell Ave,N,6900
Federal St,W,60
Felton Court,W,362
Ferdinand St,N,460
Fern Court,W,418
Field Blvd,E,400
Fielding Ave,W,581
Fillmore St,S,1100
Financial Pl,W,156
Finsbury Court,S,2550
Fitch Ave,N,7132
Fletcher St,N,3132
Flournoy St,S,700
Ford Ave,W,658
Ford City Dr,S,7700
Foreman Dr,S,9500
Forest Ave,E,300
Forest Glen Ave,W,5032
Forestview Ave,W,8750
Forest Preserve Dr,N,3375
Forrestville Ave,E,532
Foster Dr,N,5200
Foster Ave,N,5200
Foster Pl,N,5200
Francis Pl,N,2156
Francisco Ave,W,2900
Franklin Blvd,N,500
Frontier Ave,W,648
Fry St,N,840
Fuller St,S,2900
Fullerton Dr,N,2400
Fullerton Pkwy,N,2400
Fullerton Ave,N,2400
Fulton St,N,300
Fulton Blvd,N,300
Fulton Dr,N,300
Fulton Market,N,300
Gale St,N,4926
Galewood Ave,N,1900
Garfield Dr,S,5500
Garfield Blvd,S,5500
Garfield Square Dr,N,512
Garland Court,E,70
Garvey Court,W,69
Geneva Terrace,W,600
Genoa Ave,W,814
George St,N,2900
Germania Pl,N,1536
Gettysburg St,N,5200
Giddings St,N,4732
Gilbert Court,W,700
Giles Ave,E,300
Givins Court,W,720
Gladys Ave,S,332
Glenlake Ave,N,6100
Glenroy Ave,W,1428
Glenwood Ave,W,1400
Goethe St,N,1300
Gole Dr,W,5728
Gole Dr,S,244
Goodman St,N,5000
Gordon Terrace,N,4182
Governors Pkwy,N,400
Grace St,N,3800
Grady Court,W,1400
Grand Ave,N,530
Grant Pl,N,2232
Granville Ave,N,6200
Gratten Ave,W,1054
Green St,W,832
Green Bay Ave,E,3400
Greenleaf Ave,N,7034
Greenview Ave,W,1500
Greenwood Ave,E,1100
Gregory St,N,5530
Grenshaw St,S,1132
Gresham Ave,W,3534
Grove St,W,222
Groveland Park,S,3344
Grover St,N,4900
Gullikson Rd,W,7000
Gunnison St,N,4832
Haddock Pl,N,220
Haddon Ave,N,1132
Haft St,N,6300
Haines St,N,1100
Hale Ave,W,1900
Halsted Pkwy,W,754
Halsted St,W,800
Hamilton Ave,W,2100
Hamlet Ave,W,1448
Hamlin Blvd,W,3800
Hamlin Ave,W,3800
Hampden Court,W,442
Hanson Ave,N,1932
Harbor Dr,E,400
Harbor Ave,E,3428
Harding Ave,W,3932
Harlem Ave,W,7200
Harper Ave,E,1501
Harrington Lane,N,5944
Harrison St,S,600
Hart St,W,1926
Hartland Court,W,1744
Hartwell Ave,E,132
Harvard Ave,W,326
Haskins Ave,W,1734
Hastings St,S,1332
Haussen Court,W,3900
Hawthorne Pl,N,3442
Hayes Dr,S,6300
Hayes Ave,N,6532
Hayford St,S,7544
Haynes Court,W,1316
Haze St,W,842
Heath Ave,W,2322
Henderson St,N,3334
Henke Pl,W,12506
Henry Court,N,2100
Hermione St,N,6300
Hermitage Ave,W,1732
Hermosa Ave,W,1600
Hiawatha Ave,W,4522
Hickory Ave,W,860
Higgins Ave,N,4834
High Bridge Lane,N,5900
Highland Ave,N,6330
Hill St,N,1100
Hillock Ave,W,1100
Hinsdale Rd,W,12400
Hirsch St,N,1400
Hobart Ave,N,5750
Hobbie St,N,1100
Hobson Ave,W,1700
Hoey St,W,964
Holbrook St,N,6100
Holden Court,E,25
Holland Rd,W,321
Hollett Dr,W,6800
Holly Ave,W,1630
Hollywood Ave,N,5700
Homan Blvd,W,3400
Homan Ave,W,3400
Homer St,N,1948
Homewood Ave,W,1800
Honore St,W,1828
Hood Ave,N,6132
Hooker St,W,800
Hopkins Pl,S,8900
Hortense Ave,N,6334
Houston Ave,E,3024
Howard St,N,7600
Howe St,W,634
Howland Ave,S,8800
Hoxie Ave,E,2600
Hoyne Ave,W,2100
Hoyt Ave,W,2253
Hubbard St,N,430
Hudson Ave,W,435
Humboldt Dr,W,3000
Hunt Ave,S,8818
Huntington St,N,6200
Hurlbut St,N,5800
Huron St,N,700
Hutchinson St,N,4232
Hyacinth St,N,6134
Hyde Park Blvd,S,5100
Hyde Park Blvd,E,1700
Hyde Park Dr,E,1700
Ibsen St,N,6900
Illinois St,N,500
Imlay St,N,6500
Independence Blvd,W,3800
Independence Square,W,1348
Indian Rd,W,5200
Indiana Ave,E,200
Indiana Pkwy,E,116
Indianapolis Ave,E,3600
Ingleside Ave,E,930
Institute Pl,N,828
Ionia Ave,W,4400
Iowa St,N,900
Irene Ave,W,3120
Iron St,W,1426
Irving Ave,W,2221
Irving Park Dr,N,4000
Irving Park Rd,N,4000
Isham Ave,N,6458
Jackson Blvd,S,300
Jackson Dr,S,300
James St,S,5150
James M Rochford St,S,1244
Janssen Ave,W,1434
Jarlath St,N,7232
Jarvis Ave,N,7400
Jasper Pl,W,1444
Jean Ave,W,6024
Jefferson S,W,600
Jeffery Dr,E,2200
Jeffery Blvd,E,2000
Jeffery Ave,E,2000
Jensen Blvd,W,5600
Jerome St,N,7534
Jersey Ave,W,3200
Jessie Court,W,2050
Jones St,W,2318
Jonquil Terrace,N,7700
Jourdan Court,W,812
Joyce Lane,N,4064
Julia Court,N,2142
Julian St,N,1450
Juneway Terrace,N,7736
Junior Terrace,N,4323
Justine St,W,1532
Kamerling Ave,N,1332
Karlov Ave,W,4100
Kasson Ave,W,4032
Kearsarge Ave,W,4152
Keating Ave,W,4732
Kedvale Ave,W,4132
Kedzie Blvd,W,3200
Kedzie Ave,W,3200
Keefe Ave,E,524
Keeler Ave,W,4200
Keeley St,W,1200
Keene Ave,W,4700
Kelso Ave,W,4134
Kemper Pl,N,2332
Kenmore Ave,W,1038
Kenneth Ave,W,4432
Kennicot Ave,W,4240
Kennison Ave,W,4500
Kenosha Ave,W,4238
Kensington Ave,S,11552
Kenton Ave,W,4600
Kentucky Ave,W,4624
Kenwood Ave,E,1332
Keokuk Ave,W,4144
Keota Ave,W,5800
Kerbs Ave,W,4724
Kercheval Ave,W,460
Kerfoot Ave,W,700
Kewanee Ave,W,4200
Keystone Ave,W,4032
Kilbourn Ave,W,4500
Kildare Blvd,W,4300
Kildare Ave,W,4300
Kilpatrick Ave,W,4700
Kimball Ave,W,3400
Kimbark Ave,E,1300
Kimberly Ave,W,4700
Kingsbury St,W,400
Kingsdale Ave,W,4744
Kingston Ave,E,2524
Kinzie St,N,400
Kinzua Ave,W,5432
Kiona Ave,W,4250
Kirby Ave,W,4660
Kirkland Ave,W,4338
Kirkwood Ave,W,4600
Knox Ave,W,4632
Kolin Ave,W,4332
Kolmar Ave,W,4532
Komensky Ave,W,4032
Kostner Ave,W,4400
Kreiter Ave,E,3526
Kruger Ave,W,4800
La Crosse Ave,W,4832
La Salle Dr,W,140
La Salle Dr,N,140
La Salle St,W,140
Lacey Ave,W,4700
Lafayette Ave,W,30
Lafayette St,W,30
Laflin St,W,1500
Laflin Pl,W,1500
Lake St,N,200
Lake Park Ave,E,428
Lake Shore Dr,W,934
Lake Shore Dr,N,1000
Lakeside Pl,N,4732
Lakeview Ave,W,400
Lakewood Ave,W,1300
Lambert Ave,W,4824
Lamon Ave,W,4900
Landers Ave,W,5000
Langley Ave,E,700
Lansing Ave,W,4900
Laporte Ave,W,4932
Laramie Ave,W,5200
Larchmont Ave,N,3932
Larned Ave,W,5232
Larrabee St,W,600
Las Casas Ave,W,4924
Latham Ave,W,5000
Latrobe Ave,W,5232
Lavergne Ave,W,5000
Lawler Ave,W,5032
Lawndale Ave,W,3700
Lawrence Dr,N,4800
Lawrence Ave,N,4800
Le Mai Ave,W,5232
Le Moyne St,N,1500
Le Moyne Dr,N,1500
Leader Ave,W,5124
Leamington Ave,W,5132
Leavenworth Ave,W,5300
Leavitt St,W,2200
Leclaire Ave,W,5100
Lee Pl,N,740
Legett Ave,W,5145
Lehigh Ave,W,5400
Lehmann Court,W,600
Leland Ave,N,4700
Lemont Ave,W,5000
Lenox Ave,W,5124
Leona Ave,W,5150
Leonard Ave,W,5248
Leoti Ave,W,4924
Leroy Ave,W,5200
Lessing St,W,928
Lester Ave,W,5500
Lexington St,S,728
Leyden Ave,E,200
Liano Ave,W,5256
Liberty St,S,1344
Lieb Ave,W,5444
Lightfoot Ave,W,5924
Lill Ave,N,2534
Lincoln Ave,W,164
Lincoln Park,W,300
Lind Ave,W,5300
Linden Pl,W,3000
Linder Ave,W,5500
Lipps Ave,W,5300
Lister Ave,W,1830
Lithuanian Plaza Court,S,6900
Lituanica Ave,W,900
Livermore Ave,W,5520
Lloyd Ave,W,1300
Lock St,W,1500
Lockwood Ave,W,5300
Locust St,N,900
Logan Blvd,N,2600
Loleta Ave,W,5826
London Ave,W,5348
Long Ave,W,5400
Longmeadow Ave,W,4930
Longwood Dr,W,2100
Loomis St,W,1400
Loomis Pl,W,1416
Loomis Blvd,W,1400
Loop Dr,E,500
Lorel Ave,W,5332
Loring Ave,W,5450
Loris Pl,W,12436
Loron Ave,W,5900
Lothair Ave,W,2000
Lotus Ave,W,5432
Louise Ave,W,4900
Lovejoy Ave,W,5444
Lowe Ave,W,632
Lowell Ave,W,4332
Loyola Ave,N,6550
Lucerne Ave,W,5100
Ludlam Ave,W,5470
Luella Ave,E,2232
Lumber St,W,401
Luna Ave,W,5532
Lundy Ave,W,5600
Lunt Ave,N,7000
Luther St,S,2442
Lyman St,W,1028
Lynch Ave,W,5500
Lyndale St,N,2232
Lynn White Dr,E,800
Lyon Ave,E,628
Lytle St,W,1242
Mac Chesney Court,E,72
Mackinaw Ave,E,3332
Madison St,N,0
Madison Ave Park,S,5038
Magnet Ave,W,5642
Magnolia Ave,W,1232
Major Ave,W,5700
Malden St,W,1300
Malta St,W,1506
Mandell Ave,W,5624
Mango Ave,W,5732
Manila Ave,W,5800
Manistee Ave,E,2734
Mankato Ave,W,6300
Mann Dr,S,6800
Mannheim Rd,W,10400
Manor Dr,W,2734
Manton Ave,W,5600
Maple St,N,1100
Maplewood Ave,W,2532
Marble Pl,S,120
Marcey St,W,1000
Margate Terrace,N,4930
Maria Court,W,8500
Marine Dr,W,610
Marion Court,W,1838
Markham Ave,W,5900
Marmora Ave,W,5900
Marquette Rd,E,500
Marquette Rd,S,6700
Marquette Dr,S,6600
Marquette Ave,E,2700
Marshall Blvd,W,2900
Marshfield Ave,W,1632
"Dr Martin Luther King, Jr Dr",E,344
Maryland Ave,E,832
Mason Dr,W,5932
Mason Ave,W,5932
Massasoit Ave,W,5732
Matson Ave,N,6146
Maud Ave,W,1000
Mautene Court,W,1632
Maxwell St,S,1330
May St,W,1132
Mayfield Ave,W,5900
Maypole Ave,N,134
Mcalpin Ave,W,6300
Mcclellan Ave,W,5600
Mcclurg Court,E,400
Mccook Ave,W,6022
Mccormick Rd,W,3300
Mccrea Dr,W,3356
Mccutcheon Terrace,W,944
Mcdermott St,W,1400
Mcdowell Ave,W,1404
Mcfetridge Dr,S,1326
Mclean Ave,N,2034
Mcleod Ave,W,6246
Mcvicker Ave,W,6032
Meade Ave,W,6100
Medford Ave,W,6200
Medill Ave,N,2334
Medina Ave,W,6158
Melrose St,N,3232
Melvina Ave,W,6200
Memory Lane,N,5146
Menard Dr,W,5800
Menard Ave,W,5800
Mendell St,W,1500
Mendota Ave,W,6224
Menomonee St,N,1800
Merchandise Mart Plaza,N,318
Meredith Ave,W,5626
Merrill Ave,E,2132
Merrimac Ave,W,6234
Merrion Ave,E,2214
Meyer Ave,W,510
Miami Ave,N,6124
Michigan Ave,E,100
Midway Park,N,500
Midway Plaisance,S,5900
Midway Plaisance Dr,S,5900
Mies Van Der Rohe Way,E,200
Mildred Ave,W,900
Millard Ave,W,3632
Miller St,W,1028
Miltimore Ave,W,5834
Milwaukee Ave,W,500
Minerva Ave,E,1132
Minnehaha Ave,W,5400
Minnetonka Ave,W,5626
Mobile Ave,W,6300
Moffat St,N,1832
Mohawk St,W,532
Monitor Ave,W,5832
Monon Ave,W,6234
Monroe St,S,100
Monroe Dr,S,100
Monroe Pkwy,S,36
Monsignor Mcelligott Ave,S,10200
Mont Clare Ave,W,7132
Montana St,N,2432
Monterey Ave,S,11200
Montgomery Ave,S,4122
Monticello Ave,W,3632
Montrose Ave,N,4400
Montrose Harbor Dr,N,4400
Montvale Ave,S,11334
Moody Ave,W,6132
Moorman St,W,1700
Morgan Dr,S,5500
Morgan St,W,1000
Morse Ave,N,6944
Moselle Ave,W,6300
Mozart Dr,W,2832
Mozart St,W,2832
Mulligan Ave,W,6332
Museum Dr,S,5700
Music Court Dr,S,112
Muskegon Ave,E,2838
Myrick St,S,7852
Myrtle Ave,N,6200
Nagle Ave,W,6432
Naper Ave,W,6600
Naples Ave,W,6400
Napoleon Ave,W,6440
Narragansett Ave,W,6400
Nashotah Ave,W,6524
Nashville Ave,W,6600
Nassau Ave,W,6400
Natchez Ave,W,6434
Natoma Ave,W,6600
Navajo Ave,W,5300
Naval Armory Dr,S,5200
Navarre Ave,W,6420
Neenah Ave,W,6532
Nelson St,N,3032
Neola Ave,W,6700
Nettleton Ave,W,6800
Neva Ave,W,7132
New St,E,341
New England Ave,W,6900
New Hampshire Ave,W,7000
Newark Ave,W,6700
Newberry Ave,W,828
Newburg Ave,W,6400
Newcastle Ave,W,6834
Newgard Ave,W,1432
Newland Ave,W,6932
Newport Ave,N,3432
Niagara Ave,W,7000
Nickerson Ave,W,6900
Nicolet Ave,W,7044
Nina Ave,W,7200
Nixon Ave,W,7032
Noble St,W,1400
Nokomis Ave,W,5300
Nora Ave,W,7032
Nordica Ave,W,7100
Normal Pkwy,S,6734
Normal Ave,W,500
Normal Blvd,W,500
Normandy Ave,W,6700
North Blvd,N,1600
North Ave,N,1600
North Branch St,W,800
North Park Ave,W,300
North Shore Ave,N,6700
North Water St,N,400
North West Hwy,W,5400
Northcott Ave,W,6900
Norwood St,N,6032
Nottingham Ave,N,7100
Oak St,N,1000
Oak Park Ave,W,6800
Oakdale Ave,N,2932
Oakenwald Ave,E,1100
Oakley Blvd,W,2300
Oakley Ave,W,2300
Oakview Ave,W,8700
Oakwood Blvd,S,3946
Oakwood Dr,S,3946
Oconto Ave,W,7232
Octavia Ave,W,7300
Odell Ave,W,7332
Ogallah Ave,W,7542
Ogden Ave,S,1
Ogden Ave,W,1544
Oglesby Ave,E,2332
Ohio St,N,600
Oketo Ave,W,7400
Olcott Ave,W,7500
Old Tow Court,N,1212
Oleander Ave,W,7532
Oliphant Ave,W,7800
Olive Ave,N,5632
Olmsted Ave,W,7400
Olympia Ave,W,7700
Onarga Ave,W,7800
Oneida Ave,W,7700
Ontario S,N,628
Opal Ave,W,7832
Orange Ave,W,7900
Orchard St,W,700
Oriole Ave,W,7600
Orleans St,W,340
Osage Ave,W,7932
Osceola Ave,W,7432
Oshkosh Ave,W,7800
Oswego St,W,1650
Otsego Ave,W,7614
Ottawa Ave,W,7632
Otto Ave,W,6920
Overhill Ave,W,7700
Owen Ave,W,7700
Oxford Ave,W,7740
Ozanam Ave,W,7800
Ozark Ave,W,7732
Pacific Ave,W,8000
Packers Ave,W,1324
Page Ave,W,8032
Palatine Ave,N,6300
Palmer St,N,2200
Palmer Blvd,N,2200
Panama Ave,W,8100
Paris Ave,W,8132
Park Dr,E,310
Park Terrace,W,60
Park Pl,S,5520
Park Shore East Court,E,1536
Parker Ave,N,2732
Parkside Ave,W,5632
Parkview Terrace,W,3632
Parnell Ave,W,532
Patterson Ave,N,3632
Patton Dr,W,10500
Patton Ave,W,8414
Paulina St,W,1700
Paxton Ave,E,2200
Payne Dr,E,800
Pearson St,N,830
Pensacola Ave,N,4332
Peoria St,W,900
Peoria Dr,W,800
Perry Ave,W,100
Pershing Rd,S,3900
Pershing Pl,S,3920
Peshtigo Court,E,500
Peterson Ave,N,6000
Phillips Ave,E,2432
Picardy Pl,W,1810
Pier Court,W,2718
Pierce Ave,N,1532
Pine Ave,W,5500
Pine Grove Ave,W,500
Pioneer Ave,W,8200
Pippin St,S,7652
Pittsburgh Ave,W,8232
Plainfield Ave,W,8300
Pleasant Ave,W,2136
Plymouth Court,W,30
Poe St,W,1013
Point St,W,2648
Polk St,S,800
Pollock St,W,2608
Ponchartrain Blvd,W,5700
Pontiac Ave,W,8332
Pool Dr,S,5512
Pope John Paul II Dr,S,4300
Poplar Ave,W,1000
Portland Ave,W,252
Post Pl,W,228
Potawatomie Ave,W,8630
Potomac Ave,N,1300
Prairie Ave,E,300
Prairie Pkwy,E,312
Prairie Park Pl,E,300
Pratt Blvd,N,6800
Pratt Ave,N,6800
Prescott Ave,W,5500
Princeton Ave,W,300
Prindiville St,N,2246
Promontory Dr,E,2124
Prospect Ave,W,1721
Prospect Square,W,1800
Pryor Ave,S,11156
Public Way,S,6014
Pueblo Ave,W,8400
Pulaski Rd,W,4000
Quincy St,S,220
Quinn St,W,1000
Race Ave,N,526
Racine Ave,W,1200
Railroad Ave,S,900
Rainey Dr,S,5520
Randolph St,N,150
Rascher Ave,N,5432
Raven St,N,6300
Ravenswood Ave,W,1800
Redfield Dr,S,3530
Redwood Ave,W,8000
Redwood Dr,W,8000
Reilly Ave,W,3716
Reserve Ave,W,8730
Reta Ave,W,832
Rhodes Ave,E,532
Rice St,N,832
Richards Dr,E,1900
Richmond St,W,2932
Ridge Ave,W,1200
Ridge Blvd,W,1900
Ridgeland Ave,E,1732
Ridgeway Ave,W,3732
Ridgewood Court,E,1368
Ritchie Court,E,62
Riverdale Ave,E,432
River Dr,N,404
River Loft Court,N,2900
Riverside Plaza,W,416
Riverview Pkwy,N,3256
Riverwalk,N,300
Riverwalk,N,342
Robinson St,W,1700
Rochdale Pl,S,5474
Rockwell Ave,W,2600
Rockwell St,W,2600
Rogers Ave,W,5212
Roosevelt Rd,S,1200
Roosevelt Dr,S,1200
Root St,S,4134
Roscoe St,N,3400
Rose St,W,9536
Rosedale Ave,N,5900
Rosehill Dr,N,5800
Rosemont Ave,N,6300
Roslyn Pl,N,2500
Ross Ave,W,200
Ruble St,W,652
Rumsey Ave,S,8500
Rundell Pl,S,14
Rush St,E,65
Russell Dr,E,536
Rutherford Ave,W,6732
Sacramento Blvd,W,3000
Sacramento Dr,W,3000
Sacramento Square,N,442
Sacramento Ave,W,3000
Saginaw Ave,E,2638
Sandburg Terrace,W,118
Sanford Ave,W,9700
Sangamon St,W,932
Sauganash Ave,W,4140
Sauganash Lane,W,4232
Sawyer Ave,W,3232
Sayre Ave,W,6958
Schick Pl,W,500
Schiller St,N,1400
School St,N,3300
Schorsch St,N,3314
Schraeder Dr,N,134
Schreiber Ave,N,6432
Schubert Ave,N,2700
Scott St,N,240
Scottsdale Ave,S,8100
Sedgwick St,W,400
Seeley Ave,W,2032
Seipp St,S,8540
Sell Court,W,12410
Sell Rd,N,6946
Seminary Ave,W,1100
Seminole St,N,5700
Senour Ave,W,1100
Serbian Rd,N,5710
Seymour Ave,N,4000
Shakespeare Ave,N,2132
Shapland Ave,W,9800
Sheffield Ave,W,1000
Shelby Court,W,966
Sheridan RD,W,400
Sherman St,W,156
Sherwin Ave,N,7332
Shields Ave,W,328
Shore Dr,E,1800
Short St,W,1400
Simonds Dr,W,800
Sioux Ave,W,5400
Solidarity Dr,S,1250
Somerset Ave,N,5600
South Chicago Ave,E,400
Southport Ave,W,1400
South Shore Dr,E,2400
South Water St,N,300
South Water Market,S,1435
Spaulding Ave,W,3300
Spokane Ave,W,5340
Springfield Ave,W,3900
St Clair St,E,200
St Georges Court,N,2260
St Helen St,N,2114
St James Pl,N,2520
St Johns Court,W,4250
St Joseph Ave,N,5140
St Lawrence Ave,E,600
St Lawrence Dr,E,600
St Louis Ave,W,3500
St Mary St,N,2170
St Michaels Court,W,448
St Paul Ave,N,1732
Stark St,W,1100
State Line Rd,E,4100
Stave St,W,2540
Stephen A Douglas Dr,S,3500
Stetson Ave,E,154
Steuben St,S,11400
Stevens Ave,W,4028
Stewart Ave,W,400
Stockton Dr,W,67
Stone St,E,80
Stony Island Ave,E,1600
Stratford Pl,N,3480
Streeter Dr,E,588
Strong St,N,4932
Sullivan St,N,1306
Summerdale Ave,N,5332
Summit Ave,W,800
Sunnyside Ave,N,4500
Superior St,N,732
Surf St,N,2900
Surrey Court,W,1300
Sutton Pl,W,60
Swann St,S,4642
Tahoma Ave,W,5300
Talcott Ave,N,5400
Talman Ave,W,2632
Tan Court,W,300
Taylor St,S,1000
Terra Cotta Pl,N,2526
Thatcher Rd,W,8200
Thomas St,N,1100
Thome Ave,N,6300
Thompson Dr,W,2920
Thorndale Ave,N,5900
Throop Pkwy,W,1308
Throop St,W,1300
Tilden St,S,426
Tonty Ave,W,6150
Tooker Pl,N,862
Torrence Ave,E,2634
Touhy Ave,N,7200
Transit Ave,S,4000
Tremont St,S,5636
Tripp Ave,W,4232
Troy St,W,3132
Trumbull Ave,W,3432
Union Ave,W,700
University Lane,S,1400
University Ave,E,1144
Urban Ave,E,12
Van Buren St,S,400
Vanderpoel Ave,W,1800
Van Schaikave,S,10400
Van Vlissingen Rd,E,1800
Vermont St,S,12700
Vernon Ave,E,440
Vernon Park Pl,S,700
Veterans Pl,N,4870
Victoria St,N,5800
Village Court,S,1458
Vincennes Ave,E,600
Vine St,W,624
Virginia Ave,W,2632
Wabansia Ave,N,1700
Wabash Ave,E,44
Wacker Pl,N,300
Wacker Dr,N,340
Walden Pkwy,W,1800
Waldron D,S,1600
Wall St,W,1132
Wallace St,W,600
Wallen Ave,N,6634
Waller Ave,W,5700
Walnut St,N,234
Walter Burley Griffin Pl,S,10432
Walton St,N,932
Walton Pl,N,932
Warner Ave,N,4132
Warren Ave,N,23
Warren Blvd,N,34
Warren Dr,N,34
Warwick Ave,N,3732
Waseca Pl,S,11300
Washburneave,S,1232
Washington St,N,100
Washington Blvd,N,100
Washington Park,E,432
Washington Park Court,E,432
Washtenaw Ave,W,2700
Waterloo Court,W,646
Watkins Ave,W,1756
Waukesha Ave,W,5700
Waveland Ave,N,3700
Wayman St,N,320
Wayne Ave,W,1332
Webster Dr,N,2200
Webster Ave,N,2200
Weed St,N,1532
Wellington Ave,N,3000
Wells St,W,200
Wendell St,N,1028
Wentworth Ave,W,200
Wesley Terrace,W,9500
West Circle Ave,W,7044
West End Dr,N,200
West End Ave,N,200
West Water St,W,416
Western Ave,W,2400
Western Blvd,W,2400
Westgate Terrace,S,614
Westshore Dr,E,1800
Whipple St,W,3032
Wieland St,W,224
Wilcox St,S,132
Wildwood Ave,W,6100
Willard Court,W,1226
Willetts Court,W,3000
Williams Ave,E,210
Willow St,N,1740
Wilmot Ave,W,2100
Wilson Dr,N,4600
Wilson Ave,N,4600
Wilton Ave,W,932
Winchester Ave,W,1932
Windsor Ave,N,4532
Winnebago Ave,W,2200
Winneconna Pkwy,S,7800
Winnemac Ave,N,5032
Winona St,N,5100
Winston Ave,W,1500
Winthrop Ave,W,1100
Wisconsin St,N,1900
Wisner Ave,W,3500
Wolcott Ave,W,1900
Wolf Rd,W,11200
Wolfram St,N,2832
Wood St,W,1800
Woodard St,W,3400
Woodlawn Ave,E,1200
Woodward Dr,W,3632
Wrightwood Ave,N,2600
Yale Ave,W,232
Yates Blvd,E,2400
Yates Ave,E,2435
York Rd,W,12600
Zemke Rd,N,6400
8th St,S,800
9th St,S,900
11th St,S,1100
11th St,S,1130
12th Pl,S,1232
13th St,S,1300
13th Pl,S,1332
14th Pl,S,1432
14th St,S,1400
15th St,S,1500
15th Pl,S,1532
16th St,S,1600
16th Pl,S,1632
17th St,S,1700
17th Pl,S,1732
18th St,S,1800
18th Pl,S,1832
18th Dr,S,1800
19th St,S,1900
19th Pl,S,1932
20th Pl,S,2032
21st St,S,2100
21st Pl,S,2132
22nd Pl,S,2232
23rd Pl,S,2332
23rd St,S,2300
23rd Dr,S,2300
24th St,S,2400
24th Pl,S,2432
24th Blvd,S,2400
25th Pl,S,2532
25th St,S,2500
26th Pl,S,2632
26th St,S,2600
27th St,S,2700
28th St,S,2800
28th Pl,S,2832
29th Pl,S,2932
29th St,S,2900
30th Pl,S,3032
30th St,S,3000
31st Pl,S,3132
31st Dr,S,3100
31st Blvd,S,3100
31st St,S,3100
32nd Pl,S,3232
32nd St,S,3200
33rd Blvd,S,3300
33rd Pl,S,3332
33rd St,S,3300
34th St,S,3400
34th Pl,S,3432
35th Pl,S,3532
35th St,S,3500
36th Pl,S,3632
36th St,S,3600
37th Pl,S,3732
37th St,S,3700
38th Pl,S,3832
38th St,S,3800
39th Pl,S,3932
40th St,S,4000
40th Pl,S,4032
41st Pl,S,4132
41st St,S,4100
42nd Pl,S,4232
42nd St,S,4200
43rd Pl,S,4332
43rd St,S,4300
44th St,S,4400
44th Pl,S,4432
45th Pl,S,4543
45th St,S,4500
46th Pl,S,4732
46th St,S,4600
47th Pl,S,4732
47th St,S,4700
47th Dr,S,4700
48th Pl,S,4832
48th St,S,4800
49th Pl,S,4932
49th St,S,4900
49th Dr,S,4900
50th Pl,S,5032
50th St,S,5000
51st Pl,S,5132
51st St,S,5100
52nd Pl,S,5232
52nd St,S,5200
53rd Pl,S,5332
53rd St,S,5300
53rd Dr,S,5300
54th Pl,S,5432
54th St,S,5400
55th Dr,S,5500
55th Pl,S,5532
55th St,S,5500
56th Pl,S,5632
56th St,S,5600
57th Pl,S,5732
57th Dr,S,5700
57th St,S,5700
58th Pl,S,5832
58th St,S,5800
59th Pl,S,5932
59th St,S,5900
60th Pl,S,6032
60th St,S,6000
61st Pl,S,6132
61st St,S,6130
62nd Pl,S,6232
62nd St,S,6200
63rd Pkwy,S,6300
63rd Pl,S,6332
63rd St,S,6300
64th Pl,S,6432
64th St,S,6400
65th Pl,S,6532
65th St,S,6500
66th St,S,6600
66th Pl,S,6632
67th St,S,6700
67th Pl,S,6732
68th Pl,S,6832
68th St,S,6800
69th Pl,S,6932
69th St,S,6900
70th Pl,S,7032
70th St,S,7000
71st Pl,S,7132
71st St,S,7100
72nd Pl,S,7232
72nd St,S,7200
73rd Pl,S,7332
73rd St,S,7300
74th Pl,S,7432
74th St,S,7400
75th Pl,S,7532
75th St,S,7500
76th Pl,S,7632
76th St,S,7600
77th Pl,S,7732
77th St,S,7700
78th Pl,S,7832
78th St,S,7800
79th Pl,S,7932
79th St,S,7900
80th Pl,S,8032
80th St,S,8000
81st Pl,S,8132
81st St,S,8100
82nd Pl,S,8232
82nd St,S,8200
83rd Pl,S,8332
83rd St,S,8300
84th Pl,S,8432
84th St,S,8400
85th Pl,S,8532
85th St,S,8500
86th Pl,S,8632
86th St,S,8600
87th Pl,S,8732
87th St,S,8700
88th Pl,S,8832
88th St,S,8800
89th Pl,S,8932
89th St,S,8900
90th Pl,S,9032
90th St,S,9000
91st Pl,2,913
91st St,S,9100
92nd Pl,S,9232
92nd St,S,9200
93rd Pl,S,9332
93rd St,S,9300
93rd Court,S,9363
94th Pl,S,9419
94th St,S,9400
95th Pl,S,9532
95th St,S,9500
96th Pl,S,9632
96th St,S,9600
97th Pl,S,9732
97th St,S,9700
98th Pl,S,9832
98th St,S,9800
99th Pl,S,9932
99th St,S,9900
100th Pl,S,10032
100th St,S,10000
101st Pl,S,10132
101st St,S,10100
102nd Pl,S,10232
102nd St,S,10200
103rd Pl,S,10332
103rd St,S,10300
104th Pl,S,10432
104th St,S,10400
105th Pl,S,10532
105th St,S,10500
106th Pl,S,10632
106th St,S,10600
107th Pl,S,10732
107th St,S,10700
108th Pl,S,10832
108th St,S,10800
109th Pl,S,10932
109th St,S,10900
110th Pl,S,11032
110th St,S,11000
111th Pl,S,11132
111th St,S,11100
112th Pl,S,11232
112th St,S,11200
113th Pl,S,11332
113th St,S,11300
114th Pl,S,11432
114th St,S,11400
115th Pl,S,11532
115th St,S,11500
116th Pl,S,11632
116th St,S,11600
117th Pl,S,11732
117th St,S,11700
118th Pl,S,11832
118th St,S,11800
119th Pl,S,11932
119th St,S,11900
11th St,S,1100
11th Pl,S,1132
120th Pl,S,12032
120th St,S,12000
121st Pl,S,12132
121st St,S,12100
122nd Pl,S,12232
122nd St,S,12200
123rd St,S,12300
124th Pl,S,12432
124th St,S,12400
125th St,S,12500
125th Pl,S,12532
126th Pl,S,12632
126th St,S,12600
127th Pl,S,12732
127th St,S,12700
128th Pl,S,12832
128th St,S,12800
129th Pl,S,12932
129th St,S,12900
130th Pl,S,13032
130th St,S,13000
131st Pl,S,13132
131st St,S,13100
132nd St,S,13200
132nd Pl,S,13232
133rd St,S,13300
133rd Pl,S,13332
134th St,S,13400
134th Pl,S,13432
135th Pl,S,13532
135th St,S,13500
136th Pl,S,13632
136th St,S,13600
137th St,S,13700
138th St,S,13800
